code,system
Eu410,readv2
d272.,readv2
E200z,readv2
E2005,readv2
Eu41z,readv2
Eu41y,readv2
E2002,readv2
E200.,readv2
Eu41.,readv2
E2920,readv2
Eu40z,readv2
Eu40.,readv2
Eu40y,readv2
E2000,readv2
E2004,readv2
E202C,readv2
E2027,readv2
E2020,readv2
Eu401,readv2
E202B,readv2
E2023,readv2
Eu403,readv2
Eu402,readv2
8G52.,readv2
8G52.,readv2
E2029,readv2
E202A,readv2
E202E,readv2
E202D,readv2
E2031,readv2
E2030,readv2
Eu42y,readv2
Eu42z,readv2
E203z,readv2
Eu42.,readv2
Eu932,readv2
E2D01,readv2
Eu930,readv2
Eu931,readv2
d12w.,readv2
E2001,readv2
Eu413,readv2
E2028,readv2
E2026,readv2
E2024,readv2
E202.,readv2
E202z,readv2
Eu421,readv2
E2021,readv2
E2022,readv2
225J.,readv2
1B1V.,readv2
E2025,readv2
Eu400,readv2
E203.,readv2
Eu411,readv2
8HHp.,readv2
8HHp.,readv2
Eu420,readv2
Eu422,readv2
8G94.,readv2
8G94.,readv2
E2D00,readv2
E2D0.,readv2
E2D0z,readv2
2259,readv2
R2y2.,readv2
1B13.,readv2
2258,readv2
d21D.,readv2
d2f4.,readv2
d22z.,readv2
d2g2.,readv2
d221.,readv2
d22y.,readv2
d2g1.,readv2
d222.,readv2
d1i2.,readv2
d171.,readv2
d1i3.,readv2
d1i1.,readv2
d1b2.,readv2
d1i4.,readv2
d173.,readv2
d1b4.,readv2
d284.,readv2
d285.,readv2
d23y.,readv2
d23..,readv2
d265.,readv2
d2f3.,readv2
d249.,readv2
d21f.,readv2
d2f1.,readv2
d21k.,readv2
d2b1.,readv2
d24f.,readv2
d243.,readv2
d24b.,readv2
d27y.,readv2
d21h.,readv2
d246.,readv2
d21C.,readv2
d21q.,readv2
d21n.,readv2
d21F.,readv2
d21b.,readv2
d218.,readv2
d214.,readv2
d271.,readv2
d21x.,readv2
d2f2.,readv2
d24h.,readv2
d212.,readv2
d21A.,readv2
d266.,readv2
d241.,readv2
d2by.,readv2
d21s.,readv2
d185.,readv2
d18d.,readv2
d187.,readv2
d18f.,readv2
d18e.,readv2
d18b.,readv2
d1gy.,readv2
d1d3.,readv2
d1g1.,readv2
d181.,readv2
d186.,readv2
d182.,readv2
d188.,readv2
d1d1.,readv2
d27..,readv2
d27z.,readv2
d21v.,readv2
d28..,readv2
d2...,readv2
d21..,readv2
d263.,readv2
d26..,readv2
d261.,readv2
d2a3.,readv2
d2a4.,readv2
d21z.,readv2
d21y.,readv2
d21G.,readv2
d219.,readv2
d216.,readv2
d21u.,readv2
d213.,readv2
d21B.,readv2
d21a.,readv2
d21e.,readv2
d211.,readv2
d21r.,readv2
d26A.,readv2
d21E.,readv2
d21g.,readv2
d21p.,readv2
d21m.,readv2
d217.,readv2
d12v.,readv2
d1hz.,readv2
d1h1.,readv2
d121.,readv2
d2a5.,readv2
d2a7.,readv2
d2ax.,readv2
d29..,readv2
d29z.,readv2
d29y.,readv2
d242.,readv2
d24..,readv2
d247.,readv2
d2bz.,readv2
d2b..,readv2
d231.,readv2
d232.,readv2
d2d2.,readv2
d2d3.,readv2
d2d..,readv2
d2d4.,readv2
d2d1.,readv2
d245.,readv2
d2a6.,readv2
d282.,readv2
d28y.,readv2
d24d.,readv2
d24j.,readv2
d248.,readv2
d13z.,readv2
d132.,readv2
d2d5.,readv2
d2d6.,readv2
d2d7.,readv2
d21o.,readv2
d2c..,readv2
d2c1.,readv2
d2c4.,readv2
d2c3.,readv2
d251.,readv2
d1ag.,readv2
d1aa.,readv2
d1a3.,readv2
d1ac.,readv2
d21w.,readv2
d21t.,readv2
d24a.,readv2
d24e.,readv2
d24c.,readv2
d264.,readv2
d262.,readv2
d268.,readv2
d114.,readv2
d1ao.,readv2
d1aj.,readv2
d1an.,readv2
d1ak.,readv2
d119.,readv2
d117.,readv2
d1am.,readv2
d1al.,readv2
d112.,readv2
d13..,readv2
d11..,readv2
d2c6.,readv2
d2e1.,readv2
d162.,readv2
d11A.,readv2
d141.,readv2
d269.,readv2
d28z.,readv2
d28x.,readv2
d2c5.,readv2
d2c2.,readv2
d215.,readv2
d2a2.,readv2
d2ez.,readv2
d2az.,readv2
d2a..,readv2
d2e..,readv2
d2a1.,readv2
d24g.,readv2
d24i.,readv2
d21j.,readv2
d21i.,readv2
d291.,readv2
d292.,readv2
d21c.,readv2
d23z.,readv2
d115.,readv2
d118.,readv2
d244.,readv2
d25..,readv2
d25z.,readv2
d22..,readv2
d21l.,readv2
d2f..,readv2
d2f5.,readv2
d281.,readv2
d283.,readv2
d2b2.,readv2
d267.,readv2
d2g..,readv2
d21J.,readv2
d131.,readv2
d13y.,readv2
d1a6.,readv2
d1a7.,readv2
d1a1.,readv2
d1a9.,readv2
d1a4.,readv2
d1a8.,readv2
d1a2.,readv2
d1b..,readv2
d1g2.,readv2
d15z.,readv2
d15y.,readv2
d15..,readv2
d1h..,readv2
d1b1.,readv2
d12..,readv2
d1...,readv2
d1a..,readv2
d116.,readv2
d172.,readv2
d17..,readv2
d183.,readv2
d14z.,readv2
d18..,readv2
d184.,readv2
d14..,readv2
d1ad.,readv2
d1ab.,readv2
d1ae.,readv2
d1i6.,readv2
d1i5.,readv2
d1gz.,readv2
d1g..,readv2
d1f4.,readv2
d1f1.,readv2
d152.,readv2
d151.,readv2
d113.,readv2
d1b3.,readv2
d153.,readv2
d154.,readv2
d1a5.,readv2
d1d2.,readv2
d1d4.,readv2
d1d5.,readv2
d1d6.,readv2
d122.,readv2
d123.,readv2
d1d..,readv2
d1c..,readv2
d1c1.,readv2
d1af.,readv2
d1ai.,readv2
d1ah.,readv2
d18a.,readv2
d189.,readv2
d111.,readv2
d18c.,readv2
d12z.,readv2
d1f..,readv2
d1f2.,readv2
d1f3.,readv2
d161.,readv2
d16..,readv2
d174.,readv2
d1i..,readv2